target,scenario,hst_date,ut_start,ut_end,phase_start,phase_end,rel_snr,sigma_t_h,mean_snr_ratio,p10_snr_ratio
HD143105,ephemeris,2027-08-08,6.23,8.92,0.479,0.529,1.000,0.881,0.9922,0.9783
HD143105,ephemeris,2027-08-06,6.25,9.03,0.569,0.622,0.805,0.881,0.9954,0.8763
HD143105,ephemeris,2027-08-19,6.07,8.18,0.481,0.521,0.786,0.883,0.9921,0.9783
HD143105,ephemeris,2027-08-10,6.20,8.78,0.388,0.437,0.773,0.881,0.9950,0.8847
HD143105,ephemeris,2027-08-17,6.10,8.32,0.571,0.613,0.648,0.883,0.9952,0.8796
HD143105,sigma_t now (h),2027-08-08,6.23,8.92,0.479,0.529,1.000,0.885,0.9921,0.9783
HD143105,sigma_t now (h),2027-08-06,6.25,9.03,0.569,0.622,0.805,0.885,0.9954,0.8763
HD143105,sigma_t now (h),2027-08-19,6.07,8.18,0.481,0.521,0.786,0.885,0.9920,0.9783
HD143105,sigma_t now (h),2027-08-10,6.20,8.78,0.388,0.437,0.773,0.885,0.9950,0.8847
HD143105,sigma_t now (h),2027-08-17,6.10,8.32,0.571,0.613,0.648,0.885,0.9952,0.8796
HD143105,sigma_t +3 RVs (h),2027-08-08,6.23,8.92,0.479,0.529,1.000,0.332,0.9989,0.9962
HD143105,sigma_t +3 RVs (h),2027-08-06,6.25,9.03,0.569,0.622,0.805,0.332,0.9993,0.9554
HD143105,sigma_t +3 RVs (h),2027-08-19,6.07,8.18,0.481,0.521,0.786,0.332,0.9989,0.9970
HD143105,sigma_t +3 RVs (h),2027-08-10,6.20,8.78,0.388,0.437,0.773,0.332,0.9993,0.9587
HD143105,sigma_t +3 RVs (h),2027-08-17,6.10,8.32,0.571,0.613,0.648,0.332,0.9993,0.9567
HD 187123,ephemeris,2027-08-22,6.03,11.95,0.476,0.556,1.000,0.113,0.9999,0.9982
HD 187123,ephemeris,2027-08-25,5.98,11.75,0.444,0.522,0.973,0.113,0.9999,0.9979
HD 187123,ephemeris,2027-08-19,6.07,12.13,0.508,0.589,0.968,0.113,0.9999,0.9946
HD 187123,ephemeris,2027-08-28,5.93,11.55,0.412,0.488,0.890,0.113,0.9999,0.9942
HD 187123,ephemeris,2027-08-16,6.12,12.33,0.540,0.623,0.881,0.113,1.0000,0.9909
HD 187123,sigma_t now (h),2027-08-22,6.03,11.95,0.476,0.556,1.000,0.112,0.9999,0.9982
HD 187123,sigma_t now (h),2027-08-25,5.98,11.75,0.444,0.522,0.973,0.112,0.9999,0.9979
HD 187123,sigma_t now (h),2027-08-19,6.07,12.13,0.508,0.589,0.968,0.112,0.9999,0.9946
HD 187123,sigma_t now (h),2027-08-28,5.93,11.55,0.412,0.488,0.890,0.112,0.9999,0.9942
HD 187123,sigma_t now (h),2027-08-16,6.12,12.33,0.540,0.623,0.881,0.112,1.0000,0.9909
HD 187123,sigma_t +3 RVs (h),2027-08-22,6.03,11.95,0.476,0.556,1.000,0.114,0.9999,0.9982
HD 187123,sigma_t +3 RVs (h),2027-08-25,5.98,11.75,0.444,0.522,0.973,0.114,0.9999,0.9979
HD 187123,sigma_t +3 RVs (h),2027-08-19,6.07,12.13,0.508,0.589,0.968,0.114,0.9999,0.9946
HD 187123,sigma_t +3 RVs (h),2027-08-28,5.93,11.55,0.412,0.488,0.890,0.114,0.9999,0.9942
HD 187123,sigma_t +3 RVs (h),2027-08-16,6.12,12.33,0.540,0.623,0.881,0.114,1.0000,0.9909
HD2638,ephemeris,2027-10-03,6.37,13.18,0.453,0.536,1.000,2.507,0.9754,0.9320
HD2638,ephemeris,2027-10-10,5.90,12.72,0.480,0.563,0.987,2.509,0.9760,0.9124
HD2638,ephemeris,2027-09-26,6.82,13.63,0.426,0.508,0.972,2.505,0.9767,0.8933
HD2638,ephemeris,2027-09-09,7.93,14.75,0.502,0.585,0.948,2.500,0.9778,0.8712
HD2638,ephemeris,2027-09-02,8.40,14.87,0.475,0.553,0.948,2.497,0.9758,0.9241
HD2638,sigma_t now (h),2027-10-03,6.37,13.18,0.453,0.536,1.000,2.468,0.9762,0.9341
HD2638,sigma_t now (h),2027-10-10,5.90,12.72,0.480,0.563,0.987,2.468,0.9767,0.9145
HD2638,sigma_t now (h),2027-09-26,6.82,13.63,0.426,0.508,0.972,2.468,0.9774,0.8950
HD2638,sigma_t now (h),2027-09-09,7.93,14.75,0.502,0.585,0.948,2.468,0.9784,0.8732
HD2638,sigma_t now (h),2027-09-02,8.40,14.87,0.475,0.553,0.948,2.468,0.9764,0.9255
HD2638,sigma_t +3 RVs (h),2027-10-03,6.37,13.18,0.453,0.536,1.000,1.348,0.9927,0.9790
HD2638,sigma_t +3 RVs (h),2027-10-10,5.90,12.72,0.480,0.563,0.987,1.348,0.9929,0.9628
HD2638,sigma_t +3 RVs (h),2027-09-26,6.82,13.63,0.426,0.508,0.972,1.348,0.9931,0.9511
HD2638,sigma_t +3 RVs (h),2027-09-09,7.93,14.75,0.502,0.585,0.948,1.348,0.9934,0.9385
HD2638,sigma_t +3 RVs (h),2027-09-02,8.40,14.87,0.475,0.553,0.948,1.348,0.9928,0.9709
HIP14810,ephemeris,2027-11-14,5.68,13.75,0.458,0.506,1.000,0.391,0.9998,0.9995
HIP14810,ephemeris,2027-10-25,6.98,15.07,0.469,0.517,0.999,0.390,0.9999,0.9983
HIP14810,ephemeris,2027-11-21,5.22,13.28,0.502,0.547,0.954,0.391,0.9999,0.9937
HIP14810,ephemeris,2027-11-07,6.13,14.22,0.409,0.462,0.939,0.391,0.9998,0.9912
HIP14810,ephemeris,2027-11-01,6.53,14.60,0.513,0.557,0.930,0.390,0.9999,0.9924
HIP14810,sigma_t now (h),2027-11-14,5.68,13.75,0.458,0.506,1.000,0.390,0.9998,0.9995
HIP14810,sigma_t now (h),2027-10-25,6.98,15.07,0.469,0.517,0.999,0.390,0.9999,0.9983
HIP14810,sigma_t now (h),2027-11-21,5.22,13.28,0.502,0.547,0.954,0.390,0.9999,0.9937
HIP14810,sigma_t now (h),2027-11-07,6.13,14.22,0.409,0.462,0.939,0.390,0.9998,0.9912
HIP14810,sigma_t now (h),2027-11-01,6.53,14.60,0.513,0.557,0.930,0.390,0.9999,0.9924
HIP14810,sigma_t +3 RVs (h),2027-11-14,5.68,13.75,0.458,0.506,1.000,0.337,0.9999,0.9996
HIP14810,sigma_t +3 RVs (h),2027-10-25,6.98,15.07,0.469,0.517,0.999,0.337,0.9999,0.9986
HIP14810,sigma_t +3 RVs (h),2027-11-21,5.22,13.28,0.502,0.547,0.954,0.337,0.9999,0.9948
HIP14810,sigma_t +3 RVs (h),2027-11-07,6.13,14.22,0.409,0.462,0.939,0.337,0.9999,0.9927
HIP14810,sigma_t +3 RVs (h),2027-11-01,6.53,14.60,0.513,0.557,0.930,0.337,0.9999,0.9937
HD 68988,ephemeris,2028-01-12,7.02,14.58,0.499,0.542,1.000,0.809,0.9994,0.9964
HD 68988,ephemeris,2028-01-31,5.77,13.35,0.515,0.560,0.987,0.810,0.9994,0.9906
HD 68988,ephemeris,2028-01-18,6.62,14.20,0.460,0.502,0.978,0.809,0.9995,0.9895
HD 68988,ephemeris,2027-12-24,8.25,15.58,0.483,0.524,0.970,0.807,0.9995,0.9962
HD 68988,ephemeris,2028-01-06,7.40,14.98,0.539,0.586,0.939,0.808,0.9993,0.9813
HD 68988,sigma_t now (h),2028-01-12,7.02,14.58,0.499,0.542,1.000,0.832,0.9994,0.9964
HD 68988,sigma_t now (h),2028-01-31,5.77,13.35,0.515,0.560,0.987,0.832,0.9993,0.9906
HD 68988,sigma_t now (h),2028-01-18,6.62,14.20,0.460,0.502,0.978,0.832,0.9995,0.9895
HD 68988,sigma_t now (h),2027-12-24,8.25,15.58,0.483,0.524,0.970,0.832,0.9994,0.9962
HD 68988,sigma_t now (h),2028-01-06,7.40,14.98,0.539,0.586,0.939,0.832,0.9993,0.9813
HD 68988,sigma_t +3 RVs (h),2028-01-12,7.02,14.58,0.499,0.542,1.000,0.783,0.9994,0.9967
HD 68988,sigma_t +3 RVs (h),2028-01-31,5.77,13.35,0.515,0.560,0.987,0.783,0.9994,0.9914
HD 68988,sigma_t +3 RVs (h),2028-01-18,6.62,14.20,0.460,0.502,0.978,0.783,0.9996,0.9903
HD 68988,sigma_t +3 RVs (h),2027-12-24,8.25,15.58,0.483,0.524,0.970,0.783,0.9995,0.9966
HD 68988,sigma_t +3 RVs (h),2028-01-06,7.40,14.98,0.539,0.586,0.939,0.783,0.9994,0.9827
HD102195,ephemeris,2028-01-16,10.47,15.70,0.437,0.486,1.000,1.924,0.9916,0.9435
HD102195,ephemeris,2028-01-20,10.20,15.70,0.409,0.461,0.980,1.925,0.9922,0.9093
HD102195,ephemeris,2028-01-12,10.73,15.68,0.465,0.511,0.974,1.923,0.9913,0.9741
HD102195,ephemeris,2028-01-24,9.95,15.70,0.380,0.435,0.916,1.926,0.9931,0.8719
HD102195,ephemeris,2028-01-08,11.00,15.67,0.493,0.536,0.909,1.922,0.9918,0.9632
HD102195,sigma_t now (h),2028-01-16,10.47,15.70,0.437,0.486,1.000,2.001,0.9909,0.9407
HD102195,sigma_t now (h),2028-01-20,10.20,15.70,0.409,0.461,0.980,2.001,0.9916,0.9052
HD102195,sigma_t now (h),2028-01-12,10.73,15.68,0.465,0.511,0.974,2.001,0.9906,0.9717
HD102195,sigma_t now (h),2028-01-24,9.95,15.70,0.380,0.435,0.916,2.001,0.9926,0.8664
HD102195,sigma_t now (h),2028-01-08,11.00,15.67,0.493,0.536,0.909,2.001,0.9911,0.9612
HD102195,sigma_t +3 RVs (h),2028-01-16,10.47,15.70,0.437,0.486,1.000,1.473,0.9950,0.9594
HD102195,sigma_t +3 RVs (h),2028-01-20,10.20,15.70,0.409,0.461,0.980,1.473,0.9954,0.9332
HD102195,sigma_t +3 RVs (h),2028-01-12,10.73,15.68,0.465,0.511,0.974,1.473,0.9949,0.9834
HD102195,sigma_t +3 RVs (h),2028-01-24,9.95,15.70,0.380,0.435,0.916,1.473,0.9960,0.9044
HD102195,sigma_t +3 RVs (h),2028-01-08,11.00,15.67,0.493,0.536,0.909,1.473,0.9951,0.9743
HD102956,ephemeris,2028-01-28,9.38,15.70,0.492,0.540,1.000,4.292,0.9702,0.9148
HD102956,sigma_t now (h),2028-01-28,9.38,15.70,0.492,0.540,1.000,4.202,0.9714,0.9180
HD102956,sigma_t +3 RVs (h),2028-01-28,9.38,15.70,0.492,0.540,1.000,2.570,0.9890,0.9663
HD 103720,ephemeris,2028-01-29,9.97,15.68,0.516,0.577,1.000,2.129,0.9872,0.8986
HD 103720,ephemeris,2028-01-24,10.28,15.70,0.404,0.462,0.894,2.126,0.9887,0.8704
HD 103720,ephemeris,2028-01-20,10.55,15.70,0.551,0.605,0.800,2.126,0.9907,0.8511
HD 103720,ephemeris,2028-01-06,11.47,15.67,0.474,0.520,0.783,2.121,0.9847,0.9589
HD 103720,ephemeris,2027-12-28,12.05,15.62,0.510,0.548,0.641,2.120,0.9858,0.9247
HD 103720,sigma_t now (h),2028-01-29,9.97,15.68,0.516,0.577,1.000,1.874,0.9901,0.9126
HD 103720,sigma_t now (h),2028-01-24,10.28,15.70,0.404,0.462,0.894,1.874,0.9912,0.8874
HD 103720,sigma_t now (h),2028-01-20,10.55,15.70,0.551,0.605,0.800,1.874,0.9928,0.8700
HD 103720,sigma_t now (h),2028-01-06,11.47,15.67,0.474,0.520,0.783,1.874,0.9880,0.9673
HD 103720,sigma_t now (h),2027-12-28,12.05,15.62,0.510,0.548,0.641,1.874,0.9889,0.9359
HD 103720,sigma_t +3 RVs (h),2028-01-29,9.97,15.68,0.516,0.577,1.000,1.617,0.9926,0.9261
HD 103720,sigma_t +3 RVs (h),2028-01-24,10.28,15.70,0.404,0.462,0.894,1.617,0.9934,0.9041
HD 103720,sigma_t +3 RVs (h),2028-01-20,10.55,15.70,0.551,0.605,0.800,1.617,0.9946,0.8888
HD 103720,sigma_t +3 RVs (h),2028-01-06,11.47,15.67,0.474,0.520,0.783,1.617,0.9910,0.9758
HD 103720,sigma_t +3 RVs (h),2027-12-28,12.05,15.62,0.510,0.548,0.641,1.617,0.9917,0.9465
HD88133,ephemeris,2028-01-30,7.65,15.62,0.450,0.547,1.000,0.794,0.9974,0.9931
HD88133,ephemeris,2028-01-23,8.10,15.70,0.406,0.498,0.902,0.793,0.9977,0.9637
HD88133,ephemeris,2028-01-06,9.22,15.67,0.441,0.520,0.816,0.791,0.9975,0.9830
HD88133,ephemeris,2028-01-20,8.30,15.70,0.529,0.620,0.800,0.793,0.9981,0.9446
HD88133,ephemeris,2028-01-16,8.57,15.70,0.361,0.448,0.708,0.792,0.9984,0.9309
HD88133,sigma_t now (h),2028-01-30,7.65,15.62,0.450,0.547,1.000,0.790,0.9975,0.9931
HD88133,sigma_t now (h),2028-01-23,8.10,15.70,0.406,0.498,0.902,0.790,0.9977,0.9637
HD88133,sigma_t now (h),2028-01-06,9.22,15.67,0.441,0.520,0.816,0.790,0.9975,0.9830
HD88133,sigma_t now (h),2028-01-20,8.30,15.70,0.529,0.620,0.800,0.790,0.9981,0.9446
HD88133,sigma_t now (h),2028-01-16,8.57,15.70,0.361,0.448,0.708,0.790,0.9984,0.9309
HD88133,sigma_t +3 RVs (h),2028-01-30,7.65,15.62,0.450,0.547,1.000,0.669,0.9982,0.9951
HD88133,sigma_t +3 RVs (h),2028-01-23,8.10,15.70,0.406,0.498,0.902,0.669,0.9984,0.9700
HD88133,sigma_t +3 RVs (h),2028-01-06,9.22,15.67,0.441,0.520,0.816,0.669,0.9982,0.9862
HD88133,sigma_t +3 RVs (h),2028-01-20,8.30,15.70,0.529,0.620,0.800,0.669,0.9987,0.9538
HD88133,sigma_t +3 RVs (h),2028-01-16,8.57,15.70,0.361,0.448,0.708,0.669,0.9989,0.9423
BD-10 3166,ephemeris,2028-01-30,9.20,15.60,0.520,0.597,1.000,1.245,0.9950,0.9298
BD-10 3166,ephemeris,2028-01-23,9.67,15.70,0.519,0.591,0.957,1.244,0.9949,0.9331
BD-10 3166,ephemeris,2028-01-16,10.12,15.70,0.518,0.584,0.900,1.243,0.9948,0.9370
BD-10 3166,ephemeris,2028-01-26,9.47,15.70,0.377,0.451,0.877,1.244,0.9959,0.9021
BD-10 3166,ephemeris,2028-01-09,10.58,15.68,0.516,0.577,0.834,1.242,0.9946,0.9410
BD-10 3166,sigma_t now (h),2028-01-30,9.20,15.60,0.520,0.597,1.000,1.256,0.9949,0.9298
BD-10 3166,sigma_t now (h),2028-01-23,9.67,15.70,0.519,0.591,0.957,1.256,0.9948,0.9331
BD-10 3166,sigma_t now (h),2028-01-16,10.12,15.70,0.518,0.584,0.900,1.256,0.9947,0.9370
BD-10 3166,sigma_t now (h),2028-01-26,9.47,15.70,0.377,0.451,0.877,1.256,0.9959,0.9021
BD-10 3166,sigma_t now (h),2028-01-09,10.58,15.68,0.516,0.577,0.834,1.256,0.9945,0.9410
BD-10 3166,sigma_t +3 RVs (h),2028-01-30,9.20,15.60,0.520,0.597,1.000,0.775,0.9981,0.9574
BD-10 3166,sigma_t +3 RVs (h),2028-01-23,9.67,15.70,0.519,0.591,0.957,0.775,0.9980,0.9595
BD-10 3166,sigma_t +3 RVs (h),2028-01-16,10.12,15.70,0.518,0.584,0.900,0.775,0.9980,0.9620
BD-10 3166,sigma_t +3 RVs (h),2028-01-26,9.47,15.70,0.377,0.451,0.877,0.775,0.9984,0.9395
BD-10 3166,sigma_t +3 RVs (h),2028-01-09,10.58,15.68,0.516,0.577,0.834,0.775,0.9979,0.9646
