Name,RA,Dec,Period (day),T transit/inf conj (JD),Kp max (km/s),Eccentric?,e,omega,T err (d),P err (d),sigma_t now (h),sigma_t +3 RVs (h)
HD143105,238.402327,68.720115,2.19774117,2456775.293136,163.8,N,0.0000,90.00,0.003825,1.654e-05,0.885,0.332
HD102956,177.843795,57.640734,6.49433583,2456009.903341,114.1,Y,0.1049,-40.47,0.077300,1.808e-04,4.202,2.570
HD 103774,179.231624,-12.107909,5.88790525,2455272.413886,117.9,N,0.0000,90.00,0.045808,3.094e-04,8.025,5.805
HD102195,176.426220,2.821479,4.11324691,2454748.466570,132.9,Y,0.0553,120.47,0.033377,4.260e-05,2.001,1.473
HD88133,152.531985,18.186869,3.41484586,2455796.983259,141.4,N,0.0000,90.00,0.010117,1.792e-05,0.790,0.669
HD 103720,179.171606,-2.778955,4.55568943,2455625.634607,128.4,Y,0.0823,-94.06,0.040041,5.837e-05,1.874,1.617
HD2638,7.499467,-5.763999,3.44340131,2453585.768260,141.0,N,0.0000,90.00,0.010569,4.420e-05,2.468,1.348
HD 217107,344.564754,-2.395384,7.12686591,2458359.389863,110.6,Y,0.1257,23.58,0.002645,3.815e-06,0.078,0.078
HD 168746,275.457428,-11.922681,6.40435094,2457164.186626,114.6,Y,0.1160,22.14,0.022789,3.599e-05,0.791,0.773
HD 187123,296.742134,34.419523,3.09659951,2455957.017293,146.1,N,0.0000,90.00,0.001960,2.342e-06,0.112,0.114
HD 68988,124.592387,61.460721,6.27640111,2455560.356748,115.4,Y,0.1365,43.86,0.021987,2.573e-05,0.832,0.783
HIP14810,47.809292,21.097359,6.67388174,2455135.148335,113.1,Y,0.1451,160.45,0.007300,1.475e-05,0.390,0.337
BD-10 3166,164.619934,-10.770387,3.48794209,2453237.170426,140.4,N,0.0000,90.00,0.012860,2.046e-05,1.256,0.775
