target,scenario,period_d,n_windows,sigma_t_h,mean_snr_ratio,p10_snr_ratio
HD 68988,ephemeris,6.276401,1,0.783,0.9994,0.9901
HD 68988,sigma_t now (h),6.276401,1,0.832,0.9993,0.9892
HD 68988,sigma_t +3 RVs (h),6.276401,1,0.783,0.9994,0.9901
HD88133,ephemeris,3.414846,5,0.754,0.9978,0.9801
HD88133,sigma_t now (h),3.414846,5,0.790,0.9976,0.9789
HD88133,sigma_t +3 RVs (h),3.414846,5,0.669,0.9983,0.9829
HD102956,ephemeris,6.494336,5,4.094,0.9747,0.8740
HD102956,sigma_t now (h),6.494336,5,4.202,0.9734,0.8701
HD102956,sigma_t +3 RVs (h),6.494336,5,2.570,0.9898,0.9301
HD 103720,ephemeris,4.555689,5,2.041,0.9869,0.9355
HD 103720,sigma_t now (h),4.555689,5,1.874,0.9889,0.9425
HD 103720,sigma_t +3 RVs (h),4.555689,5,1.617,0.9917,0.9529
HD102195,ephemeris,4.113247,5,1.855,0.9923,0.9655
HD102195,sigma_t now (h),4.113247,5,2.001,0.9910,0.9613
HD102195,sigma_t +3 RVs (h),4.113247,5,1.473,0.9951,0.9751
BD-10 3166,ephemeris,3.487942,5,1.200,0.9944,0.9813
BD-10 3166,sigma_t now (h),3.487942,5,1.256,0.9938,0.9798
BD-10 3166,sigma_t +3 RVs (h),3.487942,5,0.775,0.9976,0.9905
HD 103774,ephemeris,5.887905,5,7.918,0.9232,0.7645
HD 103774,sigma_t now (h),5.887905,5,8.025,0.9210,0.7587
HD 103774,sigma_t +3 RVs (h),5.887905,5,5.805,0.9566,0.8561
HD143105,ephemeris,2.197741,5,0.865,0.9934,0.9564
HD143105,sigma_t now (h),2.197741,5,0.885,0.9931,0.9551
HD143105,sigma_t +3 RVs (h),2.197741,5,0.332,0.9990,0.9858
HD 187123,ephemeris,3.096600,5,0.113,0.9999,0.9968
HD 187123,sigma_t now (h),3.096600,5,0.112,0.9999,0.9968
HD 187123,sigma_t +3 RVs (h),3.096600,5,0.114,0.9999,0.9968
HD2638,ephemeris,3.443401,2,2.485,0.9763,0.9068
HD2638,sigma_t now (h),3.443401,2,2.468,0.9766,0.9068
HD2638,sigma_t +3 RVs (h),3.443401,2,1.348,0.9928,0.9607
