target,period_days,orbit_model,eccentricity,sigma_t_h_2027-08-01,sigma_t_h_2027-11-01,sigma_t_h_2028-01-31,sigma_phase_cycles_2027-11-01
HD 217107,7.1268659,keplerian,0.1257,0.078,0.079,0.080,0.00046
HD 187123,3.0965995,circular,0.0000,0.113,0.114,0.116,0.00154
HD86081,2.1378372,circular,0.0000,0.152,0.154,0.156,0.00300
HD46375,3.0234893,keplerian,0.0149,0.240,0.244,0.248,0.00336
HIP14810,6.6738817,keplerian,0.1451,0.392,0.396,0.400,0.00247
HD 168746,6.4043509,keplerian,0.1160,0.794,0.803,0.812,0.00522
HD88133,3.4148459,circular,0.0000,0.794,0.805,0.816,0.00982
HD 68988,6.2764011,keplerian,0.1365,0.834,0.841,0.848,0.00558
HD143105,2.1977412,circular,0.0000,0.890,0.907,0.923,0.01719
BD-10 3166,3.4879421,circular,0.0000,1.260,1.273,1.285,0.01520
HD 103720,4.5556894,keplerian,0.0823,1.883,1.907,1.932,0.01744
HD102195,4.1132469,keplerian,0.0553,2.008,2.029,2.050,0.02055
HD2638,3.4434013,circular,0.0000,2.478,2.506,2.534,0.03032
HD102956,6.4943358,keplerian,0.1049,4.220,4.276,4.331,0.02743
HD 103774,5.8879053,circular,0.0000,8.064,8.179,8.293,0.05788
