planet,host,fit_target,status,dec_deg,kmag,transiting,archive_period_days,fitted_period_days,archive_mass_mjup,archive_k_m_per_s,n_rvs,orbit_model,eccentricity,reduced_chi2,outer_flag,sigma_t_h_2027-08-01,sigma_t_h_2027-11-01,sigma_t_h_2028-01-31,sigma_phase_cycles_2027-11-01,note
HD 41004 B b,HD 41004 B,HD 41004 B,new fit,-48.2394,6.43,no,1.3283000,1.3283137,18.37000000,6114.00000,163,keplerian,0.0960,1.04,none,5.290,5.342,5.395,0.16758,
WASP-94 B b,WASP-94 B,WASP-94B,existing fit,-34.1357,9.19,no,2.0083900,2.0085665,0.61800000,86.48000,24,circular,0.0000,1.13,none,1.380,1.404,1.429,0.02913,
HD 86081 b,HD 86081,HD86081,existing fit,-3.8084,7.30,no,2.1378431,2.1378372,1.48000000,205.53000,65,circular,0.0000,1.00,outer_candidate,0.084,0.085,0.086,0.00166,
HD 143105 b,HD 143105,HD143105,existing fit,68.7200,5.52,no,2.1974000,2.1977412,1.21000000,144.00000,115,circular,0.0000,1.05,outer_candidate,0.890,0.907,0.923,0.01719,
HD 189733 b,HD 189733,HD189733,existing fit,22.7098,5.54,yes,2.2185757,2.2185645,1.13000000,205.00000,284,circular,0.0000,1.03,outer_candidate,0.280,0.284,0.287,0.00533,
HIP 86221 b,HIP 86221,HIP 86221,new fit,27.8964,6.30,no,2.2240000,2.2241766,0.71000000,129.60000,9,circular,0.0000,0.85,none,5.381,5.550,5.716,0.10396,
HD 212301 b,HD 212301,HD 212301,new fit,-77.7183,6.47,no,2.2457100,2.2457264,0.51000000,59.50000,23,circular,0.0000,1.21,outer_candidate,11.527,11.657,11.785,0.21628,phase effectively unknown (linear sigma_t not meaningful)
HD 149026 b,HD 149026,HD 149026,new fit,38.3475,6.82,yes,2.8758900,2.8759117,0.38000000,43.30000,84,circular,0.0000,1.09,none,1.682,1.704,1.725,0.02468,
HD 83443 b,HD 83443,HD 83443,new fit,-43.2727,6.44,no,2.9856280,2.9856200,0.40200000,56.73000,422,circular,0.0000,1.02,outer_candidate,0.283,0.287,0.290,0.00400,
HD 179949 b,HD 179949,HD 179949,new fit,-24.1798,4.94,no,3.0925140,3.0925388,0.91600000,112.60000,177,keplerian,0.0512,1.05,outer_candidate,0.617,0.622,0.628,0.00838,
HD 187123 b,HD 187123,HD 187123,existing fit,34.4190,6.34,no,3.0965828,3.0965995,0.52300000,69.40000,383,circular,0.0000,1.02,outer_planet,0.113,0.114,0.116,0.00154,
tau Boo b,tau Boo,tau Boo,new fit,17.4572,3.51,no,3.3124568,3.3124470,5.95000000,471.73000,301,keplerian,0.0311,1.15,trend,0.323,0.324,0.326,0.00408,
HD 330075 b,HD 330075,HD 330075,new fit,-49.9639,7.17,no,3.3877300,3.3880503,0.48000000,107.00000,62,circular,0.0000,1.09,outer_candidate,0.616,0.623,0.630,0.00766,
HD 88133 b,HD 88133,HD88133,existing fit,18.1857,6.20,no,3.4148840,3.4148459,1.02000000,32.93000,107,circular,0.0000,1.04,none,0.794,0.805,0.816,0.00982,
HD 2638 b,HD 2638,HD2638,existing fit,-5.7650,7.31,no,3.4442000,3.4434013,0.42000000,67.40000,39,circular,0.0000,1.12,none,2.478,2.506,2.534,0.03032,
BD-10 3166 b,BD-10 3166,BD-10 3166,existing fit,-10.7704,8.12,no,3.4877700,3.4879405,0.59000000,60.90000,47,circular,0.0000,1.00,none,1.136,1.147,1.158,0.01370,
HD 75289 b,HD 75289,HD 75289,new fit,-41.7378,5.01,no,3.5092700,3.5091797,0.49000000,54.90000,139,circular,0.0000,1.04,none,0.810,0.818,0.827,0.00972,
HD 209458 b,HD 209458,HD209458,existing fit,18.8842,6.31,yes,3.5247486,3.5247352,0.73000000,84.70000,398,circular,0.0000,1.02,outer_candidate,0.657,0.664,0.671,0.00785,
HD 149143 b,HD 149143,HD149143,existing fit,2.0845,6.43,no,4.0718200,4.0717978,1.33000000,150.30000,103,circular,0.0000,1.10,trend_candidate,0.461,0.468,0.475,0.00479,
HD 102195 b,HD 102195,HD102195,existing fit,2.8210,6.15,no,4.1137700,4.1132469,0.41000000,63.00000,133,keplerian,0.0553,1.10,none,2.008,2.029,2.050,0.02055,
51 Peg b,51 Peg,51Peg,existing fit,20.7691,3.91,no,4.2307966,4.2307922,0.61000000,55.77000,2835,keplerian,0.0093,1.01,trend_candidate,0.087,0.088,0.089,0.00087,
Pr0201 b,Pr0201,Pr0201,new fit,20.2268,9.14,no,4.4264000,4.4332908,0.54000000,58.10000,33,keplerian,0.3274,1.22,none,286.372,291.069,295.715,2.73564,phase effectively unknown (linear sigma_t not meaningful)
HD 103720 b,HD 103720,HD 103720,existing fit,-2.7791,7.28,no,4.5557000,4.5557716,0.62000000,89.00000,90,keplerian,0.0910,1.09,none,1.514,1.530,1.546,0.01399,
ups And b,ups And,ups And,new fit,41.4038,2.86,no,4.6170330,4.6171142,0.68760000,70.51000,1721,circular,0.0000,1.01,outer_planet,0.998,1.011,1.023,0.00912,
HIP 91258 b,HIP 91258,HIP 91258,new fit,61.7015,6.89,no,5.0505000,5.0541173,1.09000000,130.90000,67,circular,0.0000,1.04,outer_candidate,9.145,9.329,9.511,0.07691,
DMPP-2 b,DMPP-2,DMPP-2,new fit,-34.4591,7.44,no,5.2030000,5.2057661,0.53953642,49.60000,48,circular,0.0000,1.09,outer_candidate,38.225,39.083,39.932,0.31282,seeded with Archive period (unseeded fit found 5.99738 d); phase effectively unknown (linear sigma_t not meaningful)
HD 103774 b,HD 103774,HD 103774,existing fit,-12.1080,6.00,no,5.8881000,5.8879053,0.36700000,34.30000,122,circular,0.0000,1.02,outer_candidate,8.064,8.179,8.293,0.05788,
HD 285507 b,HD 285507,HD 285507,new fit,15.3349,7.67,no,6.0881000,6.0905461,0.98000000,125.80000,33,keplerian,0.0896,1.23,none,68.945,70.130,71.303,0.47978,phase effectively unknown (linear sigma_t not meaningful)
HD 118203 b,HD 118203,HD 118203,new fit,53.7282,6.54,yes,6.1349779,6.1351887,2.14000000,216.90000,139,keplerian,0.2576,1.05,outer_candidate,2.138,2.163,2.187,0.01469,
HD 68988 b,HD 68988,HD 68988,existing fit,61.4609,6.74,no,6.2771100,6.2764011,1.97000000,184.70000,110,keplerian,0.1365,1.08,outer_planet,0.834,0.841,0.848,0.00558,
HD 102956 b,HD 102956,HD102956,existing fit,57.6407,5.66,no,6.4947000,6.4943358,0.96000000,74.60000,36,keplerian,0.1049,1.20,outer_candidate,4.220,4.276,4.331,0.02743,
HIP 14810 b,HIP 14810,HIP14810,existing fit,21.0971,6.83,no,6.6738920,6.6738817,3.90000000,423.34000,127,keplerian,0.1451,1.10,outer_planet,0.392,0.396,0.400,0.00247,
HD 185269 b,HD 185269,HD 185269,new fit,28.4995,5.26,no,6.8377600,6.8379633,1.01000000,93.30000,136,keplerian,0.2297,1.05,none,1.857,1.881,1.905,0.01146,
HD 217107 b,HD 217107,HD 217107,existing fit,-2.3954,4.54,no,7.1270166,7.1268659,1.44600000,141.91000,918,keplerian,0.1257,1.02,outer_planet,0.078,0.079,0.080,0.00046,
