target,latest_local_rv,eso_harps_nights,eso_espresso_nights,koa_hires_iodine_nights,koa_kpf_nights,neid_nights,harpsn_nights_login_required,queried
HD143105,2021-06-04,0,0,0,0,0,14,2026-09-29
HD102956,2022-06-12,0,0,1,1,0,0,2026-09-29
HD 103774,2018-04-02,0,0,0,0,0,0,2026-09-29
HD102195,2021-11-22,0,0,0,0,4,0,2026-09-29
HD88133,2021-10-24,0,0,0,3,0,0,2026-09-29
HD 103720,2021-05-18,3,0,0,0,0,0,2026-09-29
HD2638,2013-11-28,0,0,0,0,0,0,2026-09-29
HD 217107,2022-01-13,0,0,2,20,49,0,2026-09-29
HD 168746,2021-07-16,0,0,0,0,0,0,2026-09-29
HD 187123,2022-05-13,0,0,4,0,0,0,2026-09-29
HD 68988,2023-05-05,0,0,0,0,0,0,2026-09-29
HIP14810,2021-10-17,0,0,0,0,0,0,2026-09-29
BD-10 3166,2022-06-19,3,0,1,0,0,0,2026-09-29
