target_name,phase_uncertainty_cycles,orbital_period_days,time_uncertainty_hours
HD143105,0.3036143867563017,2.1979834364341673,16.016145435683242
HD102956,0.04138211975436894,6.494239018627687,6.449889042776312
HD 103774,0.05092203161136765,5.888215930409637,7.1961580258290745
HD102195,0.02521443032888111,4.113250940862988,2.4891187025662678
HD88133,0.02146911245859404,3.4148375465927,1.759524751575073
HD 103720,0.0397876465514206,4.555624024043916,4.350181403755674
HD2638,0.034532569716151505,3.443604616312377,2.8539963957040393
HD 217107,0.011976024646558567,7.126961792618843,2.048464082003628
HD 168746,0.023500273368600364,6.404460359431733,3.6121576614002464
HD 187123,0.015933834891944432,3.0965947610705546,1.1841751116038
HD 68988,0.0635329003910086,6.276659584108514,9.570585315490456
HIP14810,0.021445214876643186,6.673886543117017,3.4349503435075635
BD-10 3166,0.014033231280428566,3.4879471139303155,1.1747320450484986
